BUBBY.RU - интернет-магазин детских товаров в Ростове-на-Дону;Ростов-на-Дону, ул. Дополнительная, 41;+7 (928) 119-34-93;
Арбеон. Волгоградский Интернет-магазин детских товаров;Волгоград;8(8442) 50-01-71, 50-41-64;
"Маме на помощь" - интернет магазин детских товаров в Ростове-на-Дону;Ростов-на-Дону;+7 (863) 221-81-72,+7 903 401 81 72;
Малинка.com - интернет магазин подгузников, трусиков, и других детских товаров в ростове на дону;Ростов-на-Дону,;+7 (863) 247-40-18;
34 aista Интернет-магазин детских товаров;Волгоград, Зорге 58, офис 33;+7 (8442) 500-577;
Детские товары;Краснодар, Северная ул. 339;;
"Детское королевство"- интернет-магазин товаров для детей;Ростов-на-Дону, Каракумская 31;+7 863 270 07 81;
Топ-топ, детский магазин №3;Краснодарский край, Новороссийск, Анапское шоссе 87, ТЦ Западный;67-05-78;
Аистенок, детский оптово-розничный центр;Ростов-на-Дону, Стачки пр. 194/1, оф.104,Ростов-на-Дону, Соколова пр. 23;223-07-61,266-50-08,250-12-40,243-39-67;
Лео, детский магазин;Ростов-на-Дону, ул.Сержантова 1/106;+7 (863) 283-22-34;
ИП "Чекмазова Е.А."- интернет магазин детской одежды;Краснодар, ХБК;89181728918;
Детский мир, сеть магазинов;Краснодар, Чекистов пр. 36;273-69-93;
В гостях у Ксюши, детский салон-магазин ООО Ксения;Ростовская область, Волгодонск, Строителей пр. 2;6-60-09;
Детский мир, магазин;Ростов-на-Дону, Космонавтов пр. 10;5-64-38,7-04-39,273-05-90;
Детский мир ООО;Ростовская область, Волгодонск, М.Горького ул. 143;7-19-80;
Универмаг Солнышко ОАО, филиал № 4 Товары для детей;Ростов-на-Дону, Батуринская ул. 1/2;244-92-13;
Товары для детей ОАО, филиал № 1;Ростов-на-Дону, Немировича-Данченко ул. 78/5;244-69-15;
Слоненок, детский центр ООО Москва;Волгоград, Университетский пр. 58;28-74-13,46-58-65;
Детский мир Лимпопо, магазин ООО Демир;Волгоград, Ленина пр. 35;23-02-49,23-30-39;
Детский Мир, магазин ООО Мальвина;Волгоград, Энгельса бульвар 25;67-70-26,67-53-88;
Waikiki, детский магазин;Краснодарский край, Новороссийск, Ленина пр. 13;71-11-32;
BANANA MAMA, товары для детей;Краснодар, Дзержинского ул. 100, ТК Красная площадь;210-20-00;
Вибель, детские интерьеры;Краснодар, Северная ул. 452;251-11-01;
Детский мир, магазин ПО Торговый центр;Краснодарский край, ст.Каневская, Горького ул. 54;7-14-22,3-17-50;
Детский мир ООО ПТП;Краснодарский край, Сочи, Навагинская ул. 7;64-38-75;
Товары для школьников, магазин ЗАО ВТЦ;Волгоградская область, Волжский, Ленина пр. 97;27-24-22,27-24-31,27-67-42;
Детский город, телефонный справочник;Краснодар, а/я 5058;270-76-00;
"Слоненок" сеть магазинов для детей ООО "Москва";Волгоград, 400123 г. Волгоград ул. Триумфальная, 24 (офис),Детский Центр «СЛОНЕНОК» г. Волгоград, пр. Героев Сталинграда, 52 67 – 12 – 51,Детский Центр «СЛОНЕНОК» г. Волгоград, ул. 64 Армии, 131 8 – 937 – 740 – 66 – 99 ,Детский Центр «СЛОНЕНОК» . Волгоград, пр. Университетский, 58 46 – 58 – 65 ,магазин «Слоненок» п. М. Горького, ул. Волгоградская, 13,Детский Центр «СЛОНЕНОК»г. Волгоград, ул. Мира, 13 38 – 65 – 02 ,Детский Центр «СЛОНЕНОК» г. Волгоград, ул. Штеменко, 43 28 – 74 – 13 ,Детский Центр «СЛОНЕНОК» г. Волгоград, ул. Ополченская, 46 71 – 76 – 38 ,Магазин “Слоненок” г. Волгоград ул. Н. Отрады, 34,Магазин -склад «Слоненок» Волгоградский Оптово Продовольственный Рынок склад 13/4,г. Волжский, ул. Химиков 1 8 – 937 – 742 -37-58,Магазин «Слоненок» г. Камышин ул. Ленина, 21,Магазин «Слоненок» г. Урюпинск ул. Красноармейская, 6;+7 (8442) 28-08-88 ,+7 (8442) 28-09-99 ,+7 (8442) 28-07-77;
Буратино, магазин ООО Олеандр;Ростовская область, Таганрог, Гоголевский пер. 20;38-36-48;
Умка, оптовый склад игрушек;Краснодар, Дзержинского ул. 98;8-918-443-11-75,258-46-71;
ООО "Тримал-Юг";Краснодар, ул. Дзержинского, д. 98;8(861)258-43-92,8(861)270-12-30;
Малютка, магазин;Краснодарский край, Новороссийск, Ленина пр. 10;;
BANANA-MAMA, магазин;Ростов-на-Дону, Космонавтов пр. 2/2, торговый центр Вавилон, 2этаж;230-00-30;
Банана, магазин;Ростов-на-Дону, Космонавтов пр. 17;233-48-90;
Кроха, магазин;Ростовская область, Волгодонск, Энтузиастов ул. 22;;
Калинка, магазин;Ростов-на-Дону, Б.Садовая ул. 130;295-03-31;
Универмаг Солнышко ОАО, филиал № 6;Ростов-на-Дону, Коммунистический пр. 46;224-45-01;
Сигас ООО;Волгоградская область, Волжский, Профсоюзов бульвар 24;25-92-52;
Чико, магазин;Волгоград, 30 лет Победы бульвар 21;48-95-24;
Остров сокровищ, магазин;Волгоградская область, Волжский, Мира ул. 42н,Волгоград, Гагарина ул. 9;;
Карапуз, магазин;Волгоград, Рабоче-Крестьянская ул. 4;95-97-02;
Мамин мир;Краснодар, Седина ул. 61;;
Колобок, магазин для будущих мам;Краснодар, Красная ул. 176, ТК Центр города;272-11-10,272-77-70;
Мир игрушек, оптовая база;Краснодар, Новороссийская ул. 98;;
ООО Корпорация Апельсин;г.Сочи ул.Донская,10;89654796357;
Шторм ООО;Ростов-на-Дону, Суворова ул. 25;250-21-31;
Корпорация Галакт ООО;Ростов-на-Дону, Мечникова ул. 114, оф.305;234-39-78,234-33-41,232-19-36,232-48-96;
Бимбо, магазин;Ростов-на-Дону, Мечникова ул. 140;232-35-72;
Ю.Кей-Каскад ООО;Ростов-на-Дону, Волоколамская ул. 3;273-20-66;
Умка, магазин;Ростов-на-Дону, Мечникова ул. 59;272-51-71,242-92-99;
